id,category,updated_at,title,description,enabled,background,reward_ids,achievement_ids
1,permanent,2026-09-01,비스트 비트 - 스테이션,"방부와 함께 무대에 올라 챔피언 리그에 도전하세요!
나만의 팀을 만들고, 전술을 선택해 승리를 쌓아 보세요.
레벨을 올리면 새로운 보상을 받을 수 있습니다.",1,,1;2;3;6;9;10,1;5;8
2,permanent,2026-09-02,방부 훈련 일지,"방부 훈련 일지 이벤트 목록 샘플입니다.
CSV에서 이름과 설명, 보상 미리보기를 수정할 수 있습니다.
이동 버튼을 누르면 비스트 비트 메인 화면이 열립니다.",1,,2;4;5;7;8;9,2;6;7
3,permanent,2026-09-03,골목 탐험 기록,"골목 탐험 기록 이벤트 목록 샘플입니다.
CSV에서 이름과 설명, 보상 미리보기를 수정할 수 있습니다.
이동 버튼을 누르면 비스트 비트 메인 화면이 열립니다.",1,,1;2;3;6;9;10,1;5;8
4,permanent,2026-09-04,챔피언의 발자취,"챔피언의 발자취 이벤트 목록 샘플입니다.
CSV에서 이름과 설명, 보상 미리보기를 수정할 수 있습니다.
이동 버튼을 누르면 비스트 비트 메인 화면이 열립니다.",1,,2;4;5;7;8;9,2;6;7
5,permanent,2026-09-05,신입 로프꾼 연습,"신입 로프꾼 연습 이벤트 목록 샘플입니다.
CSV에서 이름과 설명, 보상 미리보기를 수정할 수 있습니다.
이동 버튼을 누르면 비스트 비트 메인 화면이 열립니다.",1,,1;2;3;6;9;10,1;5;8
6,permanent,2026-09-06,팀워크 연구소,"팀워크 연구소 이벤트 목록 샘플입니다.
CSV에서 이름과 설명, 보상 미리보기를 수정할 수 있습니다.
이동 버튼을 누르면 비스트 비트 메인 화면이 열립니다.",1,,2;4;5;7;8;9,2;6;7
7,permanent,2026-09-07,방부 수집 노트,"방부 수집 노트 이벤트 목록 샘플입니다.
CSV에서 이름과 설명, 보상 미리보기를 수정할 수 있습니다.
이동 버튼을 누르면 비스트 비트 메인 화면이 열립니다.",1,,1;2;3;6;9;10,1;5;8
8,permanent,2026-09-08,전술 교실,"전술 교실 이벤트 목록 샘플입니다.
CSV에서 이름과 설명, 보상 미리보기를 수정할 수 있습니다.
이동 버튼을 누르면 비스트 비트 메인 화면이 열립니다.",1,,2;4;5;7;8;9,2;6;7
9,permanent,2026-09-09,리듬 연습장,"리듬 연습장 이벤트 목록 샘플입니다.
CSV에서 이름과 설명, 보상 미리보기를 수정할 수 있습니다.
이동 버튼을 누르면 비스트 비트 메인 화면이 열립니다.",1,,1;2;3;6;9;10,1;5;8
10,permanent,2026-09-10,상성 연구 기록,"상성 연구 기록 이벤트 목록 샘플입니다.
CSV에서 이름과 설명, 보상 미리보기를 수정할 수 있습니다.
이동 버튼을 누르면 비스트 비트 메인 화면이 열립니다.",1,,2;4;5;7;8;9,2;6;7
11,permanent,2026-09-11,도전자의 쉼터,"도전자의 쉼터 이벤트 목록 샘플입니다.
CSV에서 이름과 설명, 보상 미리보기를 수정할 수 있습니다.
이동 버튼을 누르면 비스트 비트 메인 화면이 열립니다.",1,,1;2;3;6;9;10,1;5;8
12,permanent,2026-09-12,리두 아카이브,"리두 아카이브 이벤트 목록 샘플입니다.
CSV에서 이름과 설명, 보상 미리보기를 수정할 수 있습니다.
이동 버튼을 누르면 비스트 비트 메인 화면이 열립니다.",1,,2;4;5;7;8;9,2;6;7
101,limited,2026-09-01,비스트 비트 시즌 개막,"비스트 비트 시즌 개막 이벤트 목록 샘플입니다.
CSV에서 이름과 설명, 보상 미리보기를 수정할 수 있습니다.
이동 버튼을 누르면 비스트 비트 메인 화면이 열립니다.",1,,1;2;3;6;9;10,1;5;8
102,limited,2026-09-02,주말 방부 대전,"주말 방부 대전 이벤트 목록 샘플입니다.
CSV에서 이름과 설명, 보상 미리보기를 수정할 수 있습니다.
이동 버튼을 누르면 비스트 비트 메인 화면이 열립니다.",1,,2;4;5;7;8;9,2;6;7
103,limited,2026-09-03,가을 리듬 축제,"가을 리듬 축제 이벤트 목록 샘플입니다.
CSV에서 이름과 설명, 보상 미리보기를 수정할 수 있습니다.
이동 버튼을 누르면 비스트 비트 메인 화면이 열립니다.",1,,1;2;3;6;9;10,1;5;8
104,limited,2026-09-04,야시장 특별 훈련,"야시장 특별 훈련 이벤트 목록 샘플입니다.
CSV에서 이름과 설명, 보상 미리보기를 수정할 수 있습니다.
이동 버튼을 누르면 비스트 비트 메인 화면이 열립니다.",1,,2;4;5;7;8;9,2;6;7
105,limited,2026-09-05,챔피언 초청전,"챔피언 초청전 이벤트 목록 샘플입니다.
CSV에서 이름과 설명, 보상 미리보기를 수정할 수 있습니다.
이동 버튼을 누르면 비스트 비트 메인 화면이 열립니다.",1,,1;2;3;6;9;10,1;5;8
106,limited,2026-09-06,친구와 팀 만들기,"친구와 팀 만들기 이벤트 목록 샘플입니다.
CSV에서 이름과 설명, 보상 미리보기를 수정할 수 있습니다.
이동 버튼을 누르면 비스트 비트 메인 화면이 열립니다.",1,,2;4;5;7;8;9,2;6;7
107,limited,2026-09-07,전술 집중 주간,"전술 집중 주간 이벤트 목록 샘플입니다.
CSV에서 이름과 설명, 보상 미리보기를 수정할 수 있습니다.
이동 버튼을 누르면 비스트 비트 메인 화면이 열립니다.",1,,1;2;3;6;9;10,1;5;8
108,limited,2026-09-08,얼음 무대 도전,"얼음 무대 도전 이벤트 목록 샘플입니다.
CSV에서 이름과 설명, 보상 미리보기를 수정할 수 있습니다.
이동 버튼을 누르면 비스트 비트 메인 화면이 열립니다.",1,,2;4;5;7;8;9,2;6;7
109,limited,2026-09-09,번개 스테이지,"번개 스테이지 이벤트 목록 샘플입니다.
CSV에서 이름과 설명, 보상 미리보기를 수정할 수 있습니다.
이동 버튼을 누르면 비스트 비트 메인 화면이 열립니다.",1,,1;2;3;6;9;10,1;5;8
110,limited,2026-09-10,방부 성장 응원,"방부 성장 응원 이벤트 목록 샘플입니다.
CSV에서 이름과 설명, 보상 미리보기를 수정할 수 있습니다.
이동 버튼을 누르면 비스트 비트 메인 화면이 열립니다.",1,,2;4;5;7;8;9,2;6;7
111,limited,2026-09-11,리두 결승 주간,"리두 결승 주간 이벤트 목록 샘플입니다.
CSV에서 이름과 설명, 보상 미리보기를 수정할 수 있습니다.
이동 버튼을 누르면 비스트 비트 메인 화면이 열립니다.",1,,1;2;3;6;9;10,1;5;8
112,limited,2026-09-12,시즌 마무리 축제,"시즌 마무리 축제 이벤트 목록 샘플입니다.
CSV에서 이름과 설명, 보상 미리보기를 수정할 수 있습니다.
이동 버튼을 누르면 비스트 비트 메인 화면이 열립니다.",1,,2;4;5;7;8;9,2;6;7
